19Del Sgr;276.1426838;-27.56319447;5
22Sig CMa;105.8110356;-27.56319447;5
23Tau Sco;248.3896007;-27.56319447;5
31Eta CMa;108.7469047;-27.56319447;5
40Tau Sgr;286.5462056;-27.56319447;5
Pi  Pup;115.4178953;-27.56319447;5
9Alp CMa;101.2871;-16.7161;-1.46;Sirius;
16Alp Boo;213.9154;19.1825;-0.04;Arcturus;
3Alp Lyr;279.2346;38.7836;0.03;النسر الواقع;
13Alp Aur;79.1725;45.9981;0.08;Capella;
19Bet Ori;78.6346;-8.2017;0.12;رجل جباز اليسرى;
10Alp CMi;114.8254;5.225;0.38;Procyon;
58Alp Ori;88.7929;7.4069;0.50;يد الجوزاء;
53Alp Aql;297.6958;8.8683;0.77;النسر الطائر;
87Alp Tau;68.98;16.5092;0.85;الدَّبَران;
21Alp Sco;247.3517;-26.4319;0.96;Antarês;
67Alp Vir;201.2983;-11.1614;0.98;Spica;
78Bet Gem;116.3288;28.0261;1.14;Pollux;
50Alp Cyg;310.3579;45.2803;1.25;ذنب الدجاجة;
32Alp Leo;152.0929;11.9672;1.35;Regulus;
24Gam Ori;81.2829;6.3497;1.64;Bellatrix;
112Bet Tau;81.5729;28.6075;1.65
46Eps Ori;84.0533;-1.2019;1.70
77Eps UMa;193.5071;55.9597;1.77
33Alp Per;51.0808;49.8611;1.79
50Alp UMa;165.9321;61.7508;1.79
25Del CMa;107.0979;-26.3933;1.84
85Eta UMa;206.885;49.3133;1.86
34Bet Aur;89.8821;44.9475;1.90
24Gam Gem;99.4279;16.3992;1.93
2Bet CMa;95.675;-17.9558;1.98
66Alp Gem;113.65;31.8883;1.98
30Alp Hya;141.8967;-8.6586;1.98
;239.8758;25.9203;2.00
13Alp Ari;31.7933;23.4625;2.00
1Alp UMi;37.9529;89.2642;2.02
34Sig Sgr;283.8163;-26.2967;2.02
16Bet Cet;10.8975;-17.9867;2.04
50Zet Ori;85.1896;-1.9428;2.05
21Alp And;2.0971;29.0906;2.06
53Kap Ori;86.9392;-9.6697;2.06
43Bet And;17.4329;35.6206;2.06
7Bet UMi;222.6763;74.1556;2.08
55Alp Oph;263.7338;12.56;2.08
26Bet Per;47.0421;40.9556;2.12
94Bet Leo;177.265;14.5719;2.14
37Gam Cyg;305.5571;40.2567;2.20
18Alp Cas;10.1271;56.5372;2.23
34Del Ori;83.0017;-0.2992;2.23
5Alp CrB;233.6721;26.7147;2.23
33Gam Dra;269.1517;51.4889;2.23
57Gam1And;30.975;42.3297;2.26
11Bet Cas;2.2946;59.1497;2.27
79Zet UMa;200.9812;54.9253;2.27
7Del Sco;240.0833;-22.6217;2.32
48Bet UMa;165.4604;56.3825;2.37
8Eps Peg;326.0467;9.875;2.39
53Bet Peg;345.9438;28.0828;2.42
35Eta Oph;257.5946;-15.7247;2.43
64Gam UMa;178.4575;53.6947;2.44
5Alp Cep;319.645;62.5856;2.44
53Eps Cyg;311.5529;33.9703;2.46
27Gam Cas;14.1771;60.7167;2.47
54Alp Peg;346.1904;15.2053;2.49
92Alp Cet;45.57;4.0897;2.53
68Del Leo;168.5271;20.5236;2.56
13Zet Oph;249.2896;-10.5672;2.56
11Alp Lep;83.1825;-17.8222;2.58
4Gam Crv;183.9517;-17.5419;2.59
41Gam1Leo;154.9929;19.8417;2.61
27Bet Lib;229.2517;-9.3831;2.61
37The Aur;89.9304;37.2125;2.62
8Bet1Sco;241.3592;-19.8056;2.62
6Bet Ari;28.66;20.8081;2.64
9Bet Crv;188.5967;-23.3967;2.65
24Alp Ser;236.0671;6.4256;2.65
37Del Cas;21.4542;60.2353;2.68
8Eta Boo;208.6712;18.3978;2.68
3Iot Aur;74.2483;33.1661;2.69
36Eps Boo;221.2467;27.0742;2.70
50Gam Aql;296.565;10.6133;2.72
1Del Oph;243.5862;-3.6944;2.74
14Eta Dra;245.9979;61.5142;2.74
9Alp2Lib;222.7196;-16.0417;2.75
44Iot Ori;83.8583;-5.91;2.77
27Bet Her;247.555;21.4897;2.77
60Bet Oph;265.8683;4.5672;2.77
67Bet Eri;76.9625;-5.0864;2.79
23Bet Dra;262.6083;52.3014;2.79
15Rho Pup;121.8858;-24.3042;2.81
40Zet Her;250.3217;31.6031;2.81
22Lam Sgr;276.9925;-25.4217;2.81
88Gam Peg;3.3092;15.1836;2.83
47Eps Vir;195.5442;10.9592;2.83
9Bet Lep;82.0612;-20.7594;2.84
44Zet Per;58.5329;31.8836;2.85
25Eta Tau;56.8713;24.105;2.87
18Del Cyg;296.2437;45.1308;2.87
49Del Cap;326.76;-16.1272;2.87
13Mu  Gem;95.74;22.5136;2.88
66Alp Gem;113.65;31.8886;2.88
45Eps Per;59.4633;40.0103;2.89
6Pi  Sco;239.7129;-26.1142;2.89
20Sig Sco;245.2971;-25.5928;2.89
41Pi  Sgr;287.4408;-21.0236;2.89
3Bet CMi;111.7875;8.2894;2.90
12Alp2CVn;194.0071;38.3183;2.90
22Bet Aqr;322.8896;-5.5711;2.91
23Gam Per;46.1992;53.5064;2.93
44Eta Peg;340.7504;30.2214;2.94
34Gam Eri;59.5075;-13.5086;2.95
7Del Crv;187.4662;-16.5156;2.95
34Alp Aqr;331.4458;-0.3197;2.96
27Eps Gem;100.9829;25.1311;2.98
17Eps Leo;146.4629;23.7742;2.98
7Eps Aur;75.4921;43.8233;2.99
17Zet Aql;286.3525;13.8633;2.99
123Zet Tau;84.4112;21.1425;3.00
2Eps Crv;182.5312;-22.6197;3.00
46Gam Hya;199.7304;-23.1717;3.00
4Bet Tri;32.3858;34.9872;3.00
39Del Per;55.7313;47.7875;3.01
52Psi UMa;167.4158;44.4986;3.01
24Omi2CMa;105.7562;-23.8333;3.02
27Gam Boo;218.0196;38.3083;3.03
68Omi Cet;34.8363;-2.9775;3.04
34Mu  UMa;155.5821;41.4994;3.05
13Gam UMi;230.1821;71.8339;3.05
57Del Dra;288.1388;67.6617;3.07
6Bet1Cyg;292.6804;27.9597;3.08
9Bet Cap;305.2529;-14.7814;3.08
16Zet Hya;133.8483;5.9456;3.11
Nu  Hya;162.4062;-16.1936;3.11
40Alp Lyn;140.2637;34.3925;3.13
9Iot UMa;134.8017;48.0417;3.14
65Del Her;258.7579;24.8392;3.14
67Pi  Her;258.7617;36.8092;3.16
10Eta Aur;76.6288;41.2344;3.17
25The UMa;143.2142;51.6772;3.17
22Zet Dra;257.1967;65.7147;3.17
27Phi Sgr;281.4142;-26.9908;3.17
1Pi 3Ori;72.46;6.9614;3.19
2Eps Lep;76.3654;-22.3711;3.19
27Kap Oph;254.4171;9.375;3.20
64Zet Cyg;318.2342;30.2269;3.20
35Gam Cep;354.8367;77.6325;3.21
65The Aql;302.8263;-0.8214;3.23
8Bet Cep;322.165;70.5608;3.23
2Eps Oph;244.5804;-4.6925;3.24
14Gam Lyr;284.7358;32.6894;3.24
58Eta Ser;275.3275;-2.8989;3.26
31Del And;9.8321;30.8608;3.27
49Pi  Hya;211.5929;-26.6825;3.27
42The Oph;260.5025;-24.9994;3.27
76Del Aqr;343.6625;-15.8208;3.27
7Eta Gem;93.7192;22.5067;3.28
20Sig Lib;226.0175;-25.2819;3.29
12Iot Dra;231.2325;58.9661;3.29
5Mu  Lep;78.2329;-16.2056;3.31
69Del UMa;183.8567;57.0325;3.31
7Xi  Pup;117.3238;-24.8597;3.34
70The Leo;168.56;15.4294;3.34
64Nu  Oph;269.7567;-9.7736;3.34
21Zet Cep;332.7137;58.2011;3.35
28Eta Ori;81.1192;-2.3969;3.36
31Xi  Gem;101.3225;12.8956;3.36
1Omi UMa;127.5663;60.7181;3.36
30Del Aql;291.3746;3.1147;3.36
79Zet Vir;203.6733;-0.5958;3.37
11Eps Hya;131.6942;6.4189;3.38
43Del Vir;193.9008;3.3975;3.38
45Eps Cas;28.5987;63.67;3.38
25Rho Per;46.2942;38.8403;3.39
78The2Tau;67.1654;15.8708;3.40
42Zet Peg;340.3654;10.8314;3.40
2Alp Tri;28.2704;29.5789;3.41
86Mu  Her;266.6146;27.7206;3.42
3Eta Cep;311.3225;61.8389;3.43
24Eta Cas;12.275;57.8158;3.44
36Zet Leo;154.1725;23.4172;3.44
16Lam Aql;286.5621;-4.8825;3.44
31Eta Cet;17.1475;-10.1822;3.45
33Lam UMa;154.2742;42.9144;3.45
10Bet Lyr;282.52;33.3628;3.45
35Lam Tau;60.17;12.4903;3.47
49Del Boo;228.8758;33.3147;3.47
12Gam Sge;299.6892;19.4922;3.47
86Gam Cet;40.825;3.2358;3.47
54Nu  UMa;169.6196;33.0942;3.48
64Alp1Her;258.6621;14.3903;3.48
48Mu  Peg;342.5008;24.6017;3.48
52Tau Cet;26.0171;-15.9375;3.50
42Bet Boo;225.4867;40.3906;3.50
37Xi 2Sgr;284.4325;-21.1067;3.51
17Bet Cnc;124.1288;9.1856;3.52
14Omi Leo;145.2875;9.8922;3.52
30Eta Leo;151.8333;16.7628;3.52
32Iot Cep;342.42;66.2006;3.52
74Eps Tau;67.1542;19.1803;3.53
55Del Gem;110.0308;21.9822;3.53
32Mu  Ser;237.405;-3.4303;3.53
44Eta Her;250.7242;38.9222;3.53
26The Peg;332.55;6.1978;3.53
23Del Eri;55.8121;-9.7633;3.54
39Lam Ori;83.7846;9.9342;3.54
55Xi  Ser;264.3967;-15.3986;3.54
14Zet Lep;86.7387;-14.8219;3.55
12Del Crt;169.8354;-14.7786;3.56
8Iot Cet;4.8571;-8.8239;3.56
77Kap Gem;116.1117;24.3981;3.57
51    And;24.4983;48.6283;3.57
44Chi Dra;275.2642;72.7328;3.57
6Alp2Cap;304.5138;-12.5447;3.57
54Lam Gem;109.5233;16.5403;3.58
25Rho Boo;217.9575;30.3714;3.58
1Omi Tau;51.2033;9.0289;3.60
20Tau Ori;79.4017;-6.8444;3.60
13Gam Lep;86.1158;-22.4483;3.60
34The Gem;103.1971;33.9611;3.60
12Kap UMa;135.9062;47.1567;3.60
45The Cet;21.0058;-8.1833;3.60
41Lam Hya;152.6471;-12.3542;3.61
5Bet Vir;177.6738;1.7647;3.61
99Eta Psc;22.8708;15.3458;3.62
1Omi And;345.4804;42.3261;3.62
27    Tau;57.2904;24.0533;3.63
6Bet Del;309.3875;14.5953;3.63
41    Ari;42.4958;27.2606;3.63
54Gam Tau;64.9483;15.6275;3.65
29Gam Vir;190.415;-1.4494;3.65
11Alp Dra;211.0971;64.3758;3.65
17Zet Cas;9.2429;53.8969;3.66
88    Aqr;347.3617;-21.1725;3.66
23    UMa;142.8821;63.0619;3.67
28Bet Ser;236.5471;15.4219;3.67
29Gam Vir;190.415;-1.4494;3.68
3Bet CrB;231.9571;29.1058;3.68
40Gam Cap;325.0229;-16.6622;3.68
16Tau4Eri;49.8792;-21.7578;3.69
3Pi 4Ori;72.8017;5.605;3.69
6Gam Psc;349.2913;3.2822;3.69
17    Tau;56.2188;24.1133;3.70
92Xi  Her;269.4413;29.2478;3.70
16Eta Lep;89.1012;-14.1678;3.71
63Chi UMa;176.5125;47.7794;3.71
37Eps Ser;237.7042;4.4778;3.71
60Bet Aql;298.8283;6.4067;3.71
8Pi 5Ori;73.5629;2.4406;3.72
33Del Aur;89.8817;54.2847;3.72
109    Vir;221.5621;1.8928;3.72
62Xi  Cyg;316.2329;43.9278;3.72
65Tau Cyg;318.6979;38.0456;3.72
18Eps Eri;53.2325;-9.4583;3.73
55Zet Cet;27.865;-10.335;3.73
72    Oph;271.8375;9.5639;3.73
2Xi  Tau;51.7925;9.7328;3.74
34Zet Cap;321.6667;-22.4114;3.74
73Lam Aqr;343.1537;-7.5797;3.74
8Zet Aur;75.6196;41.0758;3.75
20Gam Her;245.48;19.1531;3.75
62Gam Oph;266.9733;2.7072;3.75
32Xi  Dra;268.3821;56.8728;3.75
27Del Cep;337.2929;58.4153;3.75
61Del1Tau;65.7337;17.5425;3.76
15Eta Per;42.6742;55.8956;3.76
24Iot Peg;331.7529;25.345;3.76
41Nu  Per;56.2983;42.5786;3.77
39Omi Sgr;286.1708;-21.7417;3.77
1Kap Cyg;289.2758;53.3686;3.77
9Alp Del;309.9096;15.9119;3.77
2Eps Aqr;311.9192;-9.4958;3.77
7Alp Lac;337.8229;50.2825;3.77
43Zet Gem;106.0271;20.5703;3.79
60Iot Gem;111.4317;27.7981;3.79
10Iot2Cyg;292.4262;51.7297;3.79
31    Cyg;303.4079;46.7414;3.79
29Ups UMa;147.7475;59.0386;3.80
41Gam2Leo;154.9942;19.8406;3.80
13Del Ser;233.7004;10.5375;3.80
13Del Ser;233.7004;10.5392;3.80
85Iot Her;264.8662;46.0064;3.80
27Kap Per;47.3742;44.8572;3.80
48Sig Ori;84.6867;-2.6;3.81
15Del Lep;87.8304;-20.8792;3.81
42Mu  Hya;156.5225;-16.8364;3.81
38    Lyn;139.7112;36.8025;3.82
10Lam Oph;247.7283;1.9839;3.82
7Del Sge;296.8471;18.5342;3.82
16Lam And;354.3912;46.4581;3.82
38Omi Per;56.0796;32.2883;3.83
46    LMi;163.3279;34.215;3.83
103Omi Her;271.8858;28.7625;3.83
63Eps Dra;297.0433;70.2678;3.83
77The1Tau;67.1438;15.9622;3.84
1Lam Dra;172.8508;69.3311;3.84
8Gam CrB;235.6858;26.2956;3.84
109    Her;275.9246;21.7697;3.84
48Gam Aqr;335.4142;-1.3872;3.84
28Ome CMa;108.7029;-26.7728;3.85
47Rho Leo;158.2029;9.3067;3.85
41Gam Ser;239.1133;15.6617;3.85
Alp Sct;278.8017;-8.2442;3.85
91The Her;269.0633;37.2506;3.86
13Mu  Sgr;273.4408;-21.0589;3.86
20    Tau;56.4567;24.3678;3.87
53    Eri;69.545;-14.3039;3.87
16Omi1CMa;103.5329;-24.1839;3.87
37Mu  And;14.1883;38.4994;3.87
5Kap Dra;188.3708;69.7883;3.87
22The Hya;138.5912;2.3142;3.88
24Mu  Leo;148.1908;26.0069;3.88
107Mu  Vir;220.765;-5.6583;3.88
15Eta Vir;184.9767;-0.6669;3.89
22Tau Her;244.935;46.3133;3.89
21Eta Cyg;299.0767;35.0833;3.89
3Eta Eri;44.1071;-8.8981;3.89
;126.415;-3.9064;3.90
55Eta Aql;298.1183;1.0056;3.90
38Nu  Tau;60.7892;5.9892;3.91
35Iot Hya;144.9642;-1.1428;3.91
38Gam Lib;233.8817;-14.7894;3.91
58Eps Her;255.0725;30.9264;3.92
8Alp Equ;318.9558;5.2478;3.92
48Nu  Eri;69.0796;-3.3525;3.93
26Alp Mon;115.3117;-9.5511;3.93
44Rho1Sgr;290.4183;-17.8472;3.93
47Del Cnc;131.1712;18.1542;3.94
78Iot Leo;170.9812;10.5292;3.94
58Nu  Cyg;314.2933;41.1672;3.94
7Nu 2CMa;99.1708;-19.2558;3.95
79Zet UMa;200.985;54.9217;3.95
18Tau Per;43.5646;52.7625;3.95
47Lam Peg;341.6329;23.5656;3.95
9Ome1Sco;241.7017;-20.6692;3.96
32Nu  Aur;87.8725;39.1486;3.97
;135.16;41.7828;3.97
67    Oph;270.1613;2.9317;3.97
98    Aqr;350.7425;-20.1006;3.97
5Gam Mon;93.7138;-6.2747;3.98
50    Cas;30.8587;72.4214;3.98
32    Cyg;303.8679;47.7144;3.98
59Ups Cet;30.0012;-21.0778;4.00
80    UMa;201.3062;54.9881;4.01
13The Dra;240.4721;58.5653;4.01
14Nu  Sco;242.9987;-19.4606;4.01
9Gam Tri;34.3288;33.8472;4.01
41    Cyg;307.3488;30.3686;4.01
71Tau2Aqr;342.3979;-13.5925;4.01
28Ome Psc;359.8279;6.8633;4.01
57Mu  Eri;71.3754;-3.2547;4.02
48Iot Cnc;131.6742;28.76;4.02
1Alp Crv;182.1033;-24.7289;4.02
13Eps Aql;284.9058;15.0683;4.02
12    Aql;285.42;-5.7389;4.02
73Rho Cyg;323.4954;45.5919;4.02
62Eta Aqr;338.8392;-0.1175;4.02
10Bet Cam;75.8546;60.4422;4.03
3Nu  Vir;176.465;6.5294;4.03
70    Oph;271.3637;2.4994;4.03
2Eps Del;308.3033;11.3033;4.03
46Xi  Per;59.7412;35.7911;4.04
48    Per;62.1654;47.7125;4.04
38Omi1Eri;62.9663;-6.8375;4.04
13    Lyr;283.8337;43.9461;4.04
77Sig Leo;170.2842;6.0294;4.05
23The Boo;216.2992;51.8508;4.05
Iot Per;47.2667;49.6133;4.05
34Zet And;11.8346;24.2672;4.06
69Ups Gem;113.9804;26.8958;4.06
9Omi2Ori;74.0929;13.5144;4.07
14The CMa;103.5475;-12.0386;4.07
Phi Per;25.915;50.6886;4.07
5Ups Boo;207.3692;15.7978;4.07
82Del Cet;39.8708;0.3286;4.07
23The Cap;316.4867;-17.2328;4.07
7Alp Crt;164.9438;-18.2989;4.08
15Gam Crt;171.2204;-17.6839;4.08
99Iot Vir;214.0038;-6.0006;4.08
1    Peg;320.5217;19.8044;4.08
Mu  Cep;325.8767;58.78;4.08
40Phi2Ori;84.2262;9.2906;4.09
50Ups And;24.1992;41.4056;4.09
35Kap Ser;237.185;18.1417;4.09
11Tau3Eri;45.5979;-23.6244;4.09
5    Tau;52.7183;12.9367;4.11
18Ome Cap;312.9554;-26.9192;4.11
61Mu  Ori;90.5958;9.6475;4.12
23Gam CMa;105.9396;-15.6333;4.12
39Ups1Hya;147.8696;-14.8467;4.12
9Omi Vir;181.3021;8.7331;4.12
13The Per;41.05;49.2283;4.12
10Kap Peg;326.1613;25.645;4.13
1    Lac;333.9925;37.7489;4.13
17Iot Psc;354.9875;5.6264;4.13
51Mu  Per;63.7246;48.4094;4.14
29    Ori;80.9867;-7.8081;4.14
4The CrB;233.2325;31.3592;4.14
16Psi Cap;311.5237;-25.2708;4.14
19Kap And;355.1021;44.3339;4.14
18Nu  Gem;97.2408;20.2122;4.15
22Del Mon;107.9662;-0.4928;4.15
46The Lib;238.4563;-16.7294;4.15
13Eps CrB;239.3971;26.8778;4.15
15Kap Cas;8.25;62.9317;4.16
1    Gem;91.03;23.2633;4.16
4Del Hya;129.4142;5.7036;4.16
43The Aqr;334.2083;-7.7833;4.16
44    Oph;261.5925;-24.1753;4.17
18Eps PsA;340.1642;-27.0436;4.17
23    Tau;56.5817;23.9483;4.18
62Rho Gem;112.2779;31.7844;4.18
19Lam Boo;214.0958;46.0883;4.18
98Kap Vir;213.2242;-10.2736;4.19
110    Her;281.4154;20.5464;4.19
23Eps Cep;333.7583;57.0436;4.19
46Xi  Peg;341.6733;12.1728;4.19
32    Ori;82.6963;5.9481;4.20
11    Pup;119.2146;-22.88;4.20
35Sig Her;248.5258;42.4369;4.20
;52.2671;59.9403;4.21
50Zet Ori;85.19;-1.9428;4.21
31Bet LMi;156.9708;36.7072;4.21
91Psi1Aqr;348.9729;-9.0878;4.21
65Kap1Tau;66.3421;22.2939;4.22
43Phi Dra;275.1896;71.3378;4.22
Bet Sct;281.7938;-4.7478;4.22
2The Cep;307.3954;62.9942;4.22
52    Cyg;311.4154;30.7197;4.22
90Phi Aqr;348.5808;-6.0489;4.22
37Psi Per;54.1225;48.1928;4.23
27Tau6Eri;56.7121;-23.2497;4.23
22Eps UMi;251.4921;82.0372;4.23
Chi Cyg;297.6412;32.9142;4.23
67Sig Cyg;319.3542;39.3947;4.23
81Pi 2Cyg;326.6983;49.3094;4.23
16    Per;42.6463;38.3186;4.23
5Alp1Cap;304.4121;-12.5083;4.24
58    Per;69.1725;41.2647;4.25
88    Tau;68.9137;10.1608;4.25
;17.1863;86.2569;4.25
31    Lyn;125.7087;43.1881;4.25
42Phi And;17.3758;47.2419;4.25
65Alp Cnc;134.6217;11.8578;4.25
5    UMi;216.8813;75.6961;4.25
89Pi  Cet;41.0308;-13.8586;4.25
35Pi  Aur;89.9837;45.9369;4.26
8Bet CVn;188.4354;41.3575;4.26
43Bet Com;197.9683;27.8781;4.26
110Omi Psc;26.3483;9.1578;4.26
93Tau Vir;210.4117;1.5444;4.26
11Phi Her;242.1925;44.935;4.26
56Omi Ser;265.3538;-12.8753;4.26
19Tau5Eri;53.4471;-21.6328;4.27
90    Tau;69.5396;12.5108;4.27
69Lam Eri;77.2867;-8.7542;4.27
12Gam2Del;311.6646;16.1242;4.27
87Mu  Cet;41.2354;10.1142;4.27
33Iot Aqr;331.6092;-13.8697;4.27
10    Tau;54.2183;0.4017;4.28
69Ups Tau;66.5771;22.8136;4.28
94Tau Tau;70.5612;22.9569;4.28
71Eps Psc;15.7358;7.89;4.28
75Sig Gem;115.8279;28.8836;4.28
8Phi Oph;247.7846;-16.6128;4.28
73Xi 2Cet;37.0396;8.46;4.28
32Iot Cap;320.5617;-16.8344;4.28
10The Psc;351.9921;6.3789;4.28
47Lam Per;61.6458;50.3514;4.29
49Mu  Tau;63.8838;8.8922;4.29
68Del3Tau;66.3725;17.9281;4.29
9Alp Cam;73.5125;66.3428;4.29
6Lam Lep;79.8938;-13.1767;4.29
;144.2717;81.3264;4.29
10Nu  Cep;326.3621;61.1208;4.29
17Xi  Cep;330.9475;64.6278;4.29
29Pi 2Peg;332.4967;33.1783;4.29
17Iot And;354.5342;43.2681;4.29
19    Tau;56.3021;24.4672;4.30
7Eta Hya;130.8062;3.3986;4.30
91Ups Leo;174.2371;-0.8239;4.30
12Del2Lyr;283.6258;36.8989;4.30
33    Cyg;303.3496;56.5678;4.30
4Lam Leo;142.93;22.9681;4.31
8Eta Crv;188.0175;-16.1961;4.31
51Mu 1Boo;231.1225;37.3772;4.31
54    Eri;70.1104;-19.6717;4.32
4Gam CMi;112.0408;8.9256;4.32
12    Hya;131.5938;-13.5478;4.32
16Zet UMi;236.0146;77.7944;4.32
10Ome2Sco;241.8513;-20.8686;4.32
71    Aql;309.5846;-1.1053;4.32
4Xi 1CMa;97.9638;-23.4183;4.33
33The Cas;17.7758;55.1497;4.33
113Alp Psc;30.5117;2.7636;4.33
53Nu  Ser;260.2071;-12.8469;4.33
1Kap Lyr;274.9654;36.0644;4.33
29Zet Mon;122.1483;-2.9839;4.34
49Sig Oph;261.6288;4.1403;4.34
9    Peg;326.1279;17.35;4.34
44Kap Aur;93.8446;29.4981;4.35
15    Lyn;104.3187;58.4225;4.35
57Del Ari;47.9075;19.7267;4.35
35Sig Per;52.6437;47.9953;4.36
37    Tau;61.1738;22.0819;4.36
29Pi  And;9.2204;33.7194;4.36
2Pi 2Ori;72.6529;8.9003;4.36
4Kap Lep;78.3079;-12.9414;4.36
13Rho Hya;132.1083;5.8378;4.36
15Gam Com;186.7346;28.2683;4.36
102    Her;272.1896;20.8144;4.36
23Del UMi;263.0537;86.5864;4.36
6Zet1Lyr;281.1933;37.605;4.36
111    Her;281.7554;18.1814;4.36
21The Lyr;289.0921;38.1336;4.36
41Iot Aql;294.1804;-1.2864;4.36
5    Lac;337.3825;47.7069;4.36
30Eps And;9.6388;29.3117;4.37
20Iot CMa;104.0342;-17.0542;4.37
31    Leo;151.9763;9.9975;4.37
65Xi 1Cet;33.25;8.8467;4.37
5Alp Sge;295.0242;18.0139;4.37
6Bet Sge;295.2621;17.4761;4.37
119    Tau;83.0533;18.5944;4.38
51The Vir;197.4875;-5.5389;4.38
25Iot Oph;253.5021;10.1653;4.38
61Ome Eri;73.2237;-5.4528;4.39
;120.5663;2.3344;4.39
40Xi  Oph;260.2508;-21.1128;4.39
20Eta Lyr;288.4396;39.1461;4.39
1Kap Cep;302.2221;77.7114;4.39
93Psi2Aqr;349.4758;-9.1825;4.39
99    Aqr;351.5117;-20.6419;4.39
30Tau CMa;109.6767;-24.9542;4.40
16    Pup;122.2567;-19.245;4.40
110    Vir;225.725;2.0914;4.40
68Ups Peg;351.345;23.4042;4.40
37Phi1Ori;83.705;9.4894;4.41
54Chi1Ori;88.5954;20.2761;4.41
46Tau Gem;107.785;30.2453;4.41
53Xi  UMa;169.5458;31.5292;4.41
76Lam Her;262.6846;26.1106;4.41
94Nu  Her;269.6258;30.1894;4.41
33Pi  Cep;346.9746;75.3875;4.41
30    Psc;0.49;-6.0142;4.41
26Pi  Eri;56.5354;-12.1017;4.42
67Nu  Ori;91.8929;14.7683;4.42
38Eta And;14.3017;23.4175;4.42
60    Leo;165.5825;20.1797;4.42
7Chi Oph;246.7558;-18.4564;4.42
3    Aqr;311.9342;-5.0278;4.42
55Zet2Aqr;337.2087;-0.02;4.42
40Omi2Eri;63.8179;-7.6528;4.43
63Del Psc;12.1708;7.585;4.43
8Nu 3CMa;99.4725;-18.2375;4.43
30Zet Boo;220.2871;13.7283;4.43
27Lam Ser;236.6108;7.3531;4.43
39    Cyg;305.9654;32.19;4.43
11Del Del;310.8646;15.0744;4.43
66Ups Cyg;319.4796;34.8969;4.43
3Bet Lac;335.89;52.2292;4.43
8Eps Mon;95.9421;4.5928;4.44
5Sig Hya;129.6892;3.3414;4.44
7    Cet;3.66;-18.9328;4.44
106Nu  Psc;25.3579;5.4875;4.44
6Alp Vul;292.1762;24.665;4.44
3Iot Lep;78.0746;-11.8692;4.45
;113.5133;-22.2961;4.45
9Ome Oph;248.0342;-21.4664;4.45
68    Oph;270.4383;1.3053;4.45
60Tau Dra;288.8875;73.3556;4.45
38Mu  Aql;293.5225;7.3789;4.45
17Rho Ori;78.3229;2.8611;4.46
1Kap Leo;141.1638;26.1822;4.46
28Sig Boo;218.67;29.745;4.46
11    Lac;340.1288;44.2764;4.46
;57.38;65.5261;4.47
7    Cam;74.3217;53.7522;4.47
10Pi 6Ori;74.6371;1.7142;4.47
18    Mon;101.965;2.4122;4.47
74Phi Leo;169.1654;-3.6517;4.47
1Tau1Eri;41.2758;-18.5725;4.47
86    Aqr;346.6704;-23.7431;4.47
;50.085;29.0483;4.47
70Xi  Ori;92.985;14.2089;4.48
2    Lyn;94.9058;59.0108;4.48
15    UMa;137.2179;51.6047;4.48
21    LMi;151.8575;35.2447;4.48
11Bet Crt;167.9146;-22.8258;4.48
13The Cyg;294.1104;50.2211;4.48
71    Tau;66.5867;15.6183;4.49
30    Gem;100.9971;13.2278;4.49
15Alp Sex;151.9846;-0.3717;4.49
16    Lib;224.2958;-4.3464;4.49
7Del Equ;318.6204;10.0069;4.49
;333.4696;39.715;4.49
105Ome2Aqr;355.6804;-14.545;4.49
13    Mon;98.2258;7.3331;4.50
;114.7054;-26.8017;4.50
Omi Pup;117.0217;-25.9372;4.50
26    UMa;143.7063;52.0514;4.50
54    Leo;163.9033;24.7497;4.50
4Tau Boo;206.8154;17.4567;4.50
4Psi Oph;246.0258;-20.0375;4.50
24    Cap;316.7821;-25.0058;4.50
18Lam Psc;355.5117;1.78;4.50
83Tau Psc;17.915;30.0897;4.51
67Rho Dra;300.7046;67.8736;4.51
;311.3379;57.5797;4.51
13Nu  Aqr;317.3987;-11.3717;4.51
36    Cap;322.1808;-21.8072;4.51
39    Ari;41.9771;29.2472;4.51
6    Lac;337.6221;43.1233;4.51
29Tau Aur;87.2937;39.1811;4.52
100Lam Vir;214.7775;-13.3711;4.52
21Iot Ser;235.3879;19.6703;4.52
75Rho Her;260.9208;37.1458;4.52
25Sig And;4.5821;36.7853;4.52
Iot Cas;37.2667;67.4025;4.52
59    Sgr;299.2367;-27.17;4.52
23    Vul;303.9421;27.8142;4.52
55    Peg;346.7513;9.4094;4.52
7    And;348.1375;49.4064;4.52
;90.0142;-3.0742;4.53
35Nu  And;12.4533;41.0789;4.53
93    Leo;176.9962;20.2189;4.53
54Lam Cyg;311.8521;36.4908;4.53
17    Per;42.8783;35.0597;4.53
4Bet Psc;345.9692;3.82;4.53
;52.4787;58.8786;4.54
16    Aur;79.5446;33.3717;4.54
22Omi Cas;11.1812;48.2844;4.54
5Xi 2CMa;98.7642;-22.9647;4.54
6    CMi;112.4492;12.0067;4.54
17Kap2Boo;213.3708;51.7903;4.54
43Psi Boo;226.1113;26.9475;4.54
24Iot1Lib;228.0554;-19.7917;4.54
48    Cas;30.4892;70.9069;4.54
;261.6579;-5.0867;4.54
7Rho Cas;358.5958;57.4994;4.54
;105.0167;76.9775;4.55
10    LMi;143.5558;36.3975;4.55
37Xi  Boo;222.8471;19.1011;4.55
19Omi Sco;245.1592;-24.1694;4.55
63    Cyg;316.6504;47.6483;4.55
70    Peg;352.2888;12.7606;4.55
2    Cet;0.935;-17.3361;4.55
;136.6325;38.4522;4.56
24    UMa;143.6204;69.8303;4.56
11    Cep;325.4804;71.3114;4.56
47Ome Ori;84.7962;4.1214;4.57
32Tau2Hya;142.9954;-1.185;4.57
24Ome Her;246.3542;14.0333;4.57
2    Peg;322.4871;23.6389;4.57
2    Lac;335.2567;46.5367;4.57
4    Lac;336.1292;49.4764;4.57
136    Tau;88.3317;27.6122;4.58
Kap Pyx;137.0121;-25.8583;4.58
31Psi1Dra;265.4846;72.1489;4.58
13    Vul;298.3654;24.0797;4.58
30Psi2Ori;81.7092;3.0956;4.59
42    Ori;83.8467;-4.8383;4.59
30Phi UMa;148.0267;54.0644;4.59
2    Sco;238.4029;-25.3272;4.59
113    Her;283.6871;22.645;4.59
58Pi  Dra;290.1671;65.7147;4.59
31    Vul;313.0321;27.0969;4.59
55Zet1Aqr;337.2071;-0.0203;4.59
11Bet Mon;97.2042;-7.0328;4.60
4Pi 2UMa;130.0533;64.3278;4.60
31Tau1Hya;142.2871;-2.7689;4.60
40Ups2Hya;151.2812;-13.0647;4.60
35Omi Boo;221.3104;16.9644;4.60
;224.3958;65.9325;4.60
52    Sgr;294.1767;-24.8836;4.60
62Tau Peg;350.1592;23.7403;4.60
;64.5608;50.2956;4.61
33    Psc;1.3338;-5.7075;4.61
;119.9667;-18.3992;4.61
24The And;4.2729;38.6817;4.61
46Ups Sgr;290.4317;-15.955;4.61
47    Cyg;308.4758;35.2508;4.61
36Ups Ori;82.9825;-7.3014;4.62
;114.7075;-26.8036;4.62
;130.9183;-7.2336;4.62
111Xi  Psc;28.3888;3.1875;4.62
37    Lib;233.5446;-10.0644;4.62
1Chi Her;238.1687;42.4517;4.62
57Mu  Oph;264.4612;-8.1189;4.62
57Zet Ser;270.1208;-3.6903;4.62
63The1Ser;284.055;4.2036;4.62
Gam Cam;57.5896;71.3322;4.63
62Chi2Ori;90.98;20.1383;4.63
28Ups2Cas;14.1658;59.1811;4.63
63Chi Leo;166.2542;7.3361;4.63
72    Leo;168.8008;23.0956;4.63
10Del CrB;237.3987;26.0683;4.63
3Ups Oph;246.9504;-8.3717;4.63
9    Lac;339.3433;51.5453;4.63
48Eps Ari;44.8029;21.3403;4.63
48Eps Ari;44.8029;21.3403;4.63
28Ome Per;47.8225;39.6117;4.63
102Iot Tau;75.7738;21.59;4.64
21    Lyn;111.6783;49.2114;4.64
1    Sco;237.7446;-25.7514;4.64
66    Oph;270.0658;4.3686;4.64
71    Oph;271.8267;8.7339;4.64
15    Vul;300.2754;27.7536;4.64
33Tau8Eri;58.4275;-24.6125;4.65
86Rho Tau;68.4621;14.8444;4.65
7Pi 1Ori;73.7242;10.1508;4.65
38    Gem;103.6612;13.1778;4.65
85Phi Psc;18.4371;24.5836;4.65
10    Dra;207.8579;64.7233;4.65
20    Oph;252.4583;-10.7831;4.65
69    Her;259.4179;37.2917;4.65
;274.5133;-27.0425;4.65
3    And;346.0458;50.0522;4.65
36Tau9Eri;59.9813;-24.0164;4.66
15    Mon;100.2446;9.8956;4.66
27    CMa;108.5633;-26.3525;4.66
43Gam Cnc;130.8212;21.4686;4.66
84Chi Psc;17.8633;21.0347;4.66
8Pi  Vir;180.2183;6.6142;4.66
26Chi Vir;189.8117;-7.9956;4.66
83    UMa;205.1846;54.6817;4.66
47Omi Dra;282.8004;59.3883;4.66
32Nu  Aql;291.6296;0.3386;4.66
35    Ari;40.8629;27.7072;4.66
52Pi  Aqr;336.3192;1.3775;4.66
84Psi Peg;359.4396;25.1414;4.66
34    Per;52.3421;49.5089;4.67
18The Lep;91.5387;-14.9353;4.67
14Tau UMa;137.7296;63.5136;4.67
53Chi Cet;27.3962;-10.6864;4.67
93    Her;270.0142;16.7508;4.67
80Pi 1Cyg;325.5237;51.1897;4.67
11    Ori;76.1421;15.4042;4.68
19Pi  CMa;103.9058;-20.1364;4.68
28    Mon;120.3054;-1.3925;4.68
;144.6138;4.6492;4.68
Zet Sct;275.9146;-8.9342;4.68
61Sig Dra;293.09;69.6611;4.68
4Zet Del;308.8271;14.6742;4.68
39Eps Cap;324.27;-19.4661;4.68
73Pi  Tau;66.6517;14.7136;4.69
92Sig2Tau;69.8187;15.9181;4.69
;141.8267;-22.3439;4.69
74    Vir;202.9913;-6.2558;4.69
12Phi Cyg;294.8442;30.1533;4.69
5Gam Equ;317.5854;10.1317;4.69
23Xi  Aqr;324.4379;-7.8542;4.69
31Omi Aqr;330.8287;-2.1553;4.69
66    Aqr;340.8971;-18.8303;4.69
89    Aqr;347.4783;-22.4575;4.69
;114.575;-25.3647;4.70
29Pi  Leo;150.0533;8.0442;4.70
21The Crt;174.1704;-9.8022;4.70
24    CVn;203.6138;49.0161;4.70
Gam Sct;277.2996;-14.5658;4.70
58Ome Sgr;298.96;-26.2994;4.70
22Pi  Per;44.6904;39.6628;4.70
91Lam Cet;44.9287;8.9075;4.70
52    Per;63.7221;40.4836;4.71
15Lam Aur;79.7854;40.0992;4.71
;80.1121;-21.2394;4.71
31    Ori;82.4333;-1.0922;4.71
37    LMi;159.68;31.9761;4.71
45Ome UMa;163.4946;43.19;4.71
39Chi Cas;23.4829;59.2319;4.71
65    And;36.4058;50.2786;4.71
59Xi  Aql;298.5621;8.4614;4.71
;343.6033;84.3461;4.71
101    Aqr;353.3192;-20.9144;4.71
19    Pup;122.8179;-12.9269;4.72
The Pyx;140.3733;-25.9656;4.72
Del Sct;280.5683;-9.0525;4.72
17    Eri;52.6546;-5.0753;4.73
14Lam Cas;7.9433;54.5222;4.73
22    Ori;80.4404;-0.3825;4.73
27Zet Crt;176.1908;-18.3508;4.73
20    CVn;199.3854;40.5725;4.73
41    Oph;259.1529;-0.4453;4.73
6Mu  Aqr;313.1633;-8.9833;4.73
9    Cep;324.48;62.0819;4.73
43Kap Cap;325.6646;-18.8664;4.73
78Mu 1Cyg;326.0358;28.7428;4.73
4Omi1Ori;73.1333;14.2506;4.74
31Ups Aur;87.76;37.3056;4.74
36Psi Cas;21.4833;68.13;4.74
30    LMi;156.4787;33.7961;4.74
61    Leo;165.4571;-2.4847;4.74
11    Com;185.1792;17.7928;4.74
61    Vir;199.6013;-18.3114;4.74
;207.9479;34.4442;4.74
43Kap Lib;235.4867;-19.6789;4.74
8    Cyg;292.9429;34.4531;4.74
59    Cyg;314.9567;47.5211;4.74
;341.8708;83.1539;4.74
;158.3079;40.4256;4.75
21Iot Boo;214.0412;51.3672;4.75
5Gam2Ari;28.3825;19.2936;4.75
76Sig Cet;38.0217;-15.2447;4.75
2Tau2Eri;42.7596;-21.0042;4.75
34Omi Cep;349.6562;68.1117;4.75
25Chi Aur;83.1821;32.1919;4.76
17Phi1Cet;11.0475;-10.6094;4.76
8Rho UMa;135.6362;67.6297;4.76
90Ups Psc;19.8667;27.2642;4.76
69    Vir;201.8633;-15.9736;4.76
44    Boo;225.9475;47.6544;4.76
38Rho Ser;237.8163;20.9778;4.76
6Ups Her;240.6996;46.0367;4.76
16Tau CrB;242.2429;36.4908;4.76
4    Sgr;269.9483;-23.8161;4.76
8Nu  Cap;305.1658;-12.7592;4.76
56    Peg;346.7783;25.4683;4.76
;46.385;56.7058;4.76
20    Cet;13.2521;-1.1442;4.77
17    Mon;101.8325;8.0372;4.77
;145.3208;-23.5917;4.77
87    Leo;172.5788;-3.0036;4.77
Xi  Sco;241.0921;-11.3731;4.77
45    Dra;278.1437;57.0456;4.77
1    Vul;289.0542;21.3903;4.77
;67.6404;16.1939;4.78
2    Aur;73.1583;36.7031;4.78
;83.7613;-6.0019;4.78
56    Ori;88.11;1.855;4.78
55    UMa;169.7829;38.1856;4.78
36    Com;194.7308;17.4094;4.78
;303.8163;25.5919;4.78
11Rho Cap;307.215;-17.8136;4.78
57    Cyg;313.3117;44.3872;4.78
32    Eri;58.5729;-2.9547;4.79
64    Eri;74.9825;-12.5375;4.79
50Psi2Aur;99.8329;42.4889;4.79
;109.1533;-23.3156;4.79
26    Hya;139.9433;-11.975;4.79
40    Leo;154.9337;19.4708;4.79
40Psi Vir;193.5883;-9.5389;4.79
9Lam Ari;29.4821;23.5961;4.79
22    Sco;247.5517;-25.115;4.79
24    Cep;332.4517;72.3411;4.79
35    Peg;336.9646;4.6956;4.79
43Omi Peg;340.4392;29.3075;4.79
;56.5096;63.345;4.80
64Del2Tau;66.0242;17.4439;4.80
19Xi  Cas;10.5162;50.5125;4.80
49    Ori;84.7213;-7.2131;4.80
;94.7117;69.3197;4.80
13Sig2UMa;137.5967;67.1347;4.80
27    Hya;140.1208;-9.5558;4.80
89Chi Peg;3.6508;20.2067;4.80
5    CVn;186.0063;51.5622;4.80
41    Com;196.7946;27.6247;4.80
60Sig Vir;199.4012;5.4697;4.80
28Ome Dra;264.2379;68.7581;4.80
;359.6033;51.3886;4.80
13Zet Eri;48.9583;-8.8197;4.80
65Psi Eri;75.3596;-7.1739;4.81
;143.7658;39.6214;4.81
12    Com;185.6263;25.8461;4.81
23    Com;188.7129;22.6292;4.81
;214.4992;35.5094;4.81
105Phi Vir;217.0504;-2.2281;4.81
34    Boo;220.8558;26.5278;4.81
41Ome Boo;225.5271;25.0081;4.81
51    Oph;262.8542;-23.9628;4.81
21    Sgr;276.3375;-20.5417;4.81
34    Cyg;304.4467;38.0331;4.81
32    Peg;335.3304;28.3306;4.81
15    Ori;77.425;15.5972;4.82
139    Tau;89.4987;25.9539;4.82
;13.2671;61.1242;4.82
;99.8196;-14.1458;4.82
;159.3883;-13.3844;4.82
25    CVn;204.365;36.295;4.82
4    UMi;212.2121;77.5475;4.82
11Kap CrB;237.8079;35.6575;4.82
50Sig Ser;245.5183;1.0292;4.82
58    And;32.1221;37.8592;4.82
52    Her;252.3092;45.9833;4.82
30    Oph;255.265;-4.2225;4.82
68    Her;259.3312;33.1;4.82
42    Dra;276.4962;65.5636;4.82
52Ups Dra;283.5996;71.2972;4.82
29    Vul;309.6304;21.2011;4.82
57Sig Aqr;337.6617;-10.6781;4.82
104    Aqr;355.4408;-17.8164;4.82
;49.6825;34.2228;4.82
26Ups1Cas;13.7504;58.9728;4.83
15    CMa;103.3871;-20.2242;4.83
18    UMa;139.0471;54.0219;4.83
48Ome And;21.9142;45.4067;4.83
14Eps Crt;171.1525;-10.8594;4.83
12    Boo;212.5996;25.0917;4.83
5Gam1Ari;28.3825;19.2958;4.83
30Zet Boo;220.2871;13.7283;4.83
44Pi  Ser;240.5737;22.8044;4.83
18    Dra;250.2296;64.5892;4.83
60    And;33.3054;44.2317;4.83
;281.5187;26.6622;4.83
32Nu 1Sgr;283.5425;-22.745;4.83
Eta Sct;284.2654;-5.8461;4.83
60    Sgr;299.7383;-26.1956;4.83
30    Cyg;303.325;46.8158;4.83
96Kap1Cet;49.8404;3.3703;4.83
47    Tau;63.485;9.2636;4.84
27    Lyn;122.1142;51.5067;4.84
36    UMa;157.6567;55.9806;4.84
;158.7729;75.7131;4.84
58    Leo;165.14;3.6175;4.84
98Mu  Psc;22.5462;6.1439;4.84
57Gam2And;30.9779;42.3308;4.84
29    Her;248.1512;11.4881;4.84
83Eps Cet;39.8908;-11.8722;4.84
55    Cyg;312.2346;46.1142;4.84
22Eta Cap;316.1013;-19.855;4.84
22Nu  Peg;331.42;5.0586;4.84
;49.9975;65.6522;4.84
53    Per;65.3883;46.4989;4.85
;112.4642;-23.0244;4.85
2Xi  Vir;176.3212;8.2583;4.85
56    Cet;29.1675;-22.5269;4.85
19Xi  CrB;245.5242;30.8919;4.85
;251.3242;56.7819;4.85
42Psi Sgr;288.885;-25.2567;4.85
1    Cas;346.6537;59.4197;4.85
8    And;349.4362;49.0153;4.85
11Mu  Aur;78.3571;38.4844;4.86
126    Tau;85.3238;16.5339;4.86
132    Tau;87.2542;24.5675;4.86
20    Boo;214.9383;16.3069;4.86
31    Boo;220.4117;8.1617;4.86
74    Oph;275.2171;3.3772;4.86
56    Sgr;296.5904;-19.7611;4.86
78Nu  Cet;38.9688;5.5933;4.86
27    Psc;359.6683;-3.5561;4.86
39    Eri;63.5988;-10.2564;4.87
12    Lyn;101.5587;59.4417;4.87
53Xi  UMa;169.5454;31.5292;4.87
25Nu 2Dra;263.0667;55.1731;4.87
58    Oph;265.8575;-21.6833;4.87
8Del Tri;34.2633;34.2242;4.87
5Tau Cas;356.7646;58.6519;4.87
;47.9846;74.3936;4.87
;72.4775;37.4883;4.88
114    Tau;81.9088;21.9369;4.88
81    Gem;116.5308;18.51;4.88
9    Hya;130.4304;-15.9433;4.88
46Xi  And;20.585;45.5289;4.88
;148.5513;-25.9325;4.88
30Rho Vir;190.4713;10.2356;4.88
48    Lib;239.5475;-14.2794;4.88
24Nu 1Dra;263.0442;55.1842;4.88
10    Lac;339.8154;39.0503;4.88
8Sig Cas;359.7521;55.755;4.88
15    Eri;49.5921;-22.5114;4.88
25Nu  Cas;12.2087;50.9683;4.89
6    Cet;2.8163;-15.4681;4.89
;159.3071;-27.4125;4.89
19    Dra;254.0071;65.1347;4.89
72Rho Cet;36.4875;-12.2906;4.89
15    Cyg;296.0692;37.3544;4.89
70    Aql;309.1817;-2.55;4.89
58Zet Ari;48.7254;21.0444;4.89
;94.9983;-2.9444;4.90
16    Lyn;104.4046;45.0942;4.90
63    Aur;107.9137;39.3206;4.90
71Omi Gem;114.7913;34.5842;4.90
46    Cet;21.405;-14.5989;4.90
35    Com;193.3242;21.245;4.90
37    Com;195.0688;30.785;4.90
42    Her;249.6871;48.9283;4.90
Eps Sct;280.8804;-8.2753;4.90
72    Cyg;323.6942;38.5342;4.90
50Rho Peg;343.8071;8.8158;4.90
45    Eri;67.9696;-0.0439;4.91
;75.3567;-20.0519;4.91
51    Ori;85.6192;1.4747;4.91
134    Tau;87.3871;12.6511;4.91
46Psi1Aur;96.2246;49.2881;4.91
Phi3Hya;159.6458;-16.8767;4.91
6    Boo;207.4283;21.2642;4.91
;212.7104;-16.3019;4.91
60    Her;256.3446;12.7408;4.91
69    Aql;307.4125;-2.8856;4.91
12    Per;40.5621;40.1939;4.91
30    Vul;311.2188;25.2706;4.91
;329.1629;63.6256;4.91
;352.5083;58.5489;4.91
20    Mon;107.5571;-4.2372;4.92
;198.4292;40.1528;4.92
19Del Lib;225.2433;-8.5189;4.92
8Bet2Sco;241.3604;-19.8019;4.92
;283.3067;50.7083;4.92
24Psi Cyg;298.9075;52.4389;4.92
;311.795;34.3742;4.92
54    Per;65.1025;34.5667;4.93
17    Lep;91.2462;-16.4844;4.93
27    Mon;119.9337;-3.6797;4.93
78    UMa;195.1825;56.3664;4.93
45    Boo;226.8254;24.8692;4.93
15Lam Lyr;285.0038;32.1456;4.93
28    Cyg;302.3567;36.8397;4.93
24    Per;44.7654;35.1831;4.93
78    Peg;355.9979;29.3617;4.93
50Ome2Tau;64.315;20.5786;4.94
4Ome Aur;74.8142;37.8903;4.94
109    Tau;79.8192;22.0964;4.94
20Pi  Cas;10.8671;47.0247;4.94
;115.0967;-15.2636;4.94
Chi Gem;120.8796;27.7942;4.94
;145.56;-23.9156;4.94
;148.7175;-19.0094;4.94
Chi1Hya;166.3329;-27.2936;4.94
53Tau And;25.145;40.5769;4.94
6    Dra;188.6833;70.0219;4.94
31    Com;192.9246;27.5406;4.94
78    Vir;203.5329;3.6589;4.94
29Pi 1Boo;220.1817;16.4183;4.94
54    Hya;221.5004;-25.4431;4.94
11    Lib;222.7542;-2.2992;4.94
31Eps Lib;231.0496;-10.3222;4.94
15Psi Sco;243;-10.0642;4.94
6    Tri;33.0929;30.3031;4.94
22    Cyg;298.9654;38.4867;4.94
15    Lac;343.0083;43.3125;4.94
8Kap Psc;351.7333;1.2556;4.94
3    Cet;1.1254;-10.5094;4.94
32    Per;50.3604;43.3294;4.95
52Phi Tau;65.0888;27.3508;4.95
25Psi1Ori;81.1867;1.8464;4.95
;85.2108;-1.1289;4.95
3    Mon;90.46;-10.5981;4.95
69    Ori;93.0137;16.1306;4.95
84Tau Leo;171.9842;2.8561;4.95
7    Com;184.0854;23.9453;4.95
14    Com;186.6004;27.2683;4.95
4    Dra;187.5279;69.2011;4.95
;25.4467;42.6136;4.95
45Psi Hya;197.2637;-23.1181;4.95
;239.4475;54.7497;4.95
21Eta UMi;244.3763;75.7553;4.95
106    Her;275.0746;21.9614;4.95
39Kap Aql;294.2229;-7.0275;4.95
12    Vul;297.7671;22.61;4.95
67Rho Aql;303.5692;15.1975;4.95
45Ome1Cyg;307.5146;48.9517;4.95
;344.1083;49.7336;4.95
20Psi And;356.5088;46.4203;4.95
;112.7683;82.4114;4.96
;110.5563;-19.0167;4.96
16    Vir;185.0875;3.3125;4.96
42    Lib;235.0704;-23.8181;4.96
15The UMi;232.8537;77.3494;4.96
;250.3933;-17.7422;4.96
95    Her;270.3767;21.5956;4.96
43    Sgr;289.4088;-18.9531;4.96
;298.9808;58.8461;4.96
40    Per;55.5938;33.965;4.97
75    Tau;67.11;16.3597;4.97
;113.4496;-14.5239;4.97
83Phi Gem;118.3742;26.7658;4.97
18Ome Hya;136.4933;5.0922;4.97
5Xi  Leo;142.9863;11.2997;4.97
;156.0329;65.5664;4.97
;202.4283;-23.2814;4.97
89    Vir;207.4679;-18.1342;4.97
104    Her;272.9758;31.4053;4.97
2    Cyg;291.0317;29.6214;4.97
29    Cyg;303.6333;36.8064;4.97
;52.0129;49.0628;4.98
1    Lyn;94.4783;61.5153;4.98
29    CMa;109.6679;-24.5589;4.98
6    Hya;130.0063;-12.4753;4.98
34Phi Cas;20.0204;58.2317;4.98
52Chi And;24.8375;44.3861;4.98
70    Vir;202.1075;13.7789;4.98
;203.6992;37.1825;4.98
14    Ari;32.3554;25.9397;4.98
;255.7825;14.0919;4.98
11    Sgr;272.9308;-23.7011;4.98
39    Dra;275.9771;58.8006;4.98
63The2Ser;284.0608;4.2019;4.98
95Psi3Aqr;349.7404;-9.6108;4.98
4    Cas;351.2096;62.2828;4.98
72    Peg;353.4883;31.3253;4.98
21Sig Aur;81.1633;37.3856;4.99
111    Tau;81.1058;17.3833;4.99
30Xi  Aur;88.7117;55.7069;4.99
19    Mon;105.7283;-4.2392;4.99
2Eps CMi;111.4121;9.2761;4.99
24    Lyn;115.7517;58.7103;4.99
20    Pup;123.3333;-15.7883;4.99
59    Leo;165.1867;6.1014;4.99
56    UMa;170.7067;43.4828;4.99
;191.2825;45.4403;4.99
;25.6812;-3.6903;4.99
46Ome Cas;29;68.6853;4.99
14Iot CrB;240.3608;29.8511;4.99
35Nu 2Sgr;283.7796;-22.6714;4.99
54    Dra;288.48;57.705;4.99
17    Cyg;296.6067;33.7278;4.99